time,framenumber,xposition,yposition,currentPatch,previousTrapeze,currentTrapeze,turnDirection,ongoingRewardedObject,ongoingRewardedDirection,Rewarded,typeOfTurn,nberOfConsecRewards,maxNberOfConsecRewards,nbQT_sinceLastReward,nbRewardsWhileDepleting,totalnberOfRewards
8.24,166,284,246,NE,S,W,270.0,['NE'],[270.0],1,gogd,1,0,0,1,1
8.28,167,288,243,NE,W,S,90.0,['NE'],[270.0],False,gobd,1,0,0,1,1
8.321,168,287,242,NE,S,W,270.0,['NE'],[270.0],1,gogd,2,0,0,2,2
13.562,299,193,224,NW,E,S,270.0,['NW'],[270.0],1,gogd,3,0,0,1,3
14.683,327,75,317,SW,N,W,90.0,['SW'],[90.0],1,gogd,4,0,0,1,4
15.445,346,79,441,SW,W,S,90.0,['SW'],[90.0],1,gogd,5,0,0,2,5
17.084,387,204,429,SW,S,E,90.0,['SW'],[90.0],1,gogd,6,0,0,3,6
18.605,425,200,331,SW,E,N,90.0,['SW'],[90.0],0,gogdnr,0,0,1,3,6
20.924,483,197,216,NW,S,E,90.0,['NW'],[90.0],1,gogd,1,0,0,1,7
22.29,517,196,101,NW,E,N,90.0,['NW'],[90.0],1,gogd,2,0,0,2,8
23.047,536,94,119,NW,N,W,90.0,['NW'],[90.0],1,gogd,3,0,0,3,9
24.166,564,102,213,NW,W,S,90.0,['NW'],[90.0],0,gogdnr,0,0,1,3,9
25.249,591,205,220,NW,S,E,90.0,['NW'],[90.0],1,gogd,1,0,0,4,10
25.608,600,291,247,NE,W,S,90.0,['NE'],[90.0],1,gogd,2,0,0,1,11
26.531,623,420,219,NE,S,E,90.0,,[90.0],False,bogd,2,0,0,0,11
27.77,654,408,108,NE,E,N,90.0,,[90.0],False,bogd,2,0,0,0,11
29.129,688,439,90,NE,N,E,270.0,,[90.0],False,bobd,2,0,0,0,11
30.05,711,406,209,NE,E,S,270.0,,[90.0],False,bobd,2,0,0,0,11
33.653,801,190,424,SW,E,S,270.0,['SW'],[90.0],False,gobd,2,0,0,0,11
34.892,832,103,406,SW,S,W,270.0,['SW'],[90.0],False,gobd,2,0,0,0,11
35.975,859,100,341,SW,W,N,270.0,['SW'],[90.0],False,gobd,2,0,0,0,11
37.016,885,221,320,SW,N,E,270.0,['SW'],[90.0],False,gobd,2,0,0,0,11
37.295,892,298,308,SE,W,N,270.0,['SW'],[90.0],False,bobd,2,0,0,0,11
38.137,913,415,336,SE,N,E,270.0,['SW'],[90.0],False,bobd,2,0,0,0,11
39.218,940,401,416,SE,E,S,270.0,['SW'],[90.0],False,bobd,2,0,0,0,11
40.897,982,287,453,SE,S,W,270.0,['SW'],[90.0],False,bobd,2,0,0,0,11
42.698,1027,61,456,SW,S,W,270.0,['SW'],[90.0],False,gobd,2,0,0,0,11
42.858,1031,68,452,SW,W,S,90.0,['SW'],[90.0],1,gogd,3,0,0,1,12
42.939,1033,64,443,SW,S,W,270.0,['SW'],[90.0],False,gobd,3,0,0,1,12
43.779,1054,70,307,SW,W,N,270.0,['SW'],[90.0],False,gobd,3,0,0,1,12
44.339,1068,98,204,NW,S,W,270.0,['NW'],[270.0],1,gogd,4,0,0,1,13
45.341,1093,102,113,NW,W,N,270.0,['NW'],[270.0],1,gogd,5,0,0,2,14
46.419,1120,186,113,NW,N,E,270.0,['NW'],[270.0],1,gogd,6,0,0,3,15
47.942,1158,189,217,NW,E,S,270.0,['NW'],[270.0],0,gogdnr,0,0,1,3,15
49.261,1191,217,315,SW,N,E,270.0,['SW'],[270.0],1,gogd,1,0,0,1,16
50.222,1215,314,429,SE,W,S,90.0,['SE'],[90.0],1,gogd,2,0,0,1,17
51.26,1241,408,408,SE,S,E,90.0,['SE'],[90.0],1,gogd,3,0,0,2,18
52.504,1272,407,332,SE,E,N,90.0,['SE'],[90.0],1,gogd,4,0,0,3,19
53.424,1295,306,334,SE,N,W,90.0,['SE'],[90.0],0,gogdnr,0,0,1,3,19
54.425,1320,318,424,SE,W,S,90.0,['SE'],[90.0],1,gogd,1,0,0,4,20
55.584,1349,408,413,SE,S,E,90.0,['SE'],[90.0],0,gogdnr,0,0,1,4,20
57.025,1385,410,335,SE,E,N,90.0,['SE'],[90.0],1,gogd,1,0,0,5,21
57.905,1407,289,310,SE,N,W,90.0,['SE'],[90.0],0,gogdnr,0,0,1,5,21
59.867,1456,183,113,NW,E,N,90.0,['NW'],[90.0],1,gogd,1,0,0,1,22
60.945,1483,93,125,NW,N,W,90.0,['NW'],[90.0],1,gogd,2,0,0,2,23
61.909,1507,101,205,NW,W,S,90.0,['NW'],[90.0],1,gogd,3,0,0,3,24
63.989,1559,192,217,NW,S,E,90.0,['NW'],[90.0],0,gogdnr,0,0,1,3,24
65.31,1592,185,111,NW,E,N,90.0,['NW'],[90.0],1,gogd,1,0,0,4,25
66.27,1616,89,121,NW,N,W,90.0,['NW'],[90.0],0,gogdnr,0,0,1,4,25
67.152,1638,102,211,NW,W,S,90.0,['NW'],[90.0],1,gogd,1,0,0,5,26
68.352,1668,195,219,NW,S,E,90.0,['NW'],[90.0],0,gogdnr,0,0,1,5,26
70.353,1718,325,110,NE,W,N,270.0,['NE'],[270.0],1,gogd,1,0,0,1,27
71.593,1749,408,114,NE,N,E,270.0,['NE'],[270.0],1,gogd,2,0,0,2,28
72.755,1778,404,212,NE,E,S,270.0,['NE'],[270.0],1,gogd,3,0,0,3,29
73.835,1805,314,213,NE,S,W,270.0,['NE'],[270.0],0,gogdnr,0,0,1,3,29
75.156,1838,329,111,NE,W,N,270.0,['NE'],[270.0],1,gogd,1,0,0,4,30
76.235,1865,409,112,NE,N,E,270.0,['NE'],[270.0],0,gogdnr,0,0,1,4,30
77.315,1892,408,210,NE,E,S,270.0,['NE'],[270.0],1,gogd,1,0,0,5,31
78.196,1914,308,214,NE,S,W,270.0,['NE'],[270.0],0,gogdnr,0,0,1,5,31
79.798,1954,186,111,NW,E,N,90.0,['NW'],[90.0],1,gogd,1,0,0,1,32
80.758,1978,94,123,NW,N,W,90.0,['NW'],[90.0],1,gogd,2,0,0,2,33
81.879,2006,102,209,NW,W,S,90.0,['NW'],[90.0],1,gogd,3,0,0,3,34
83.08,2036,198,223,NW,S,E,90.0,['NW'],[90.0],0,gogdnr,0,0,1,3,34
84.68,2076,326,110,NE,W,N,270.0,['NE'],[270.0],1,gogd,1,0,0,1,35
85.681,2101,407,113,NE,N,E,270.0,['NE'],[270.0],1,gogd,2,0,0,2,36
86.522,2122,408,208,NE,E,S,270.0,['NE'],[270.0],1,gogd,3,0,0,3,37
88.243,2165,313,214,NE,S,W,270.0,['NE'],[270.0],0,gogdnr,0,0,1,3,37
89.563,2198,183,111,NW,E,N,90.0,['NW'],[90.0],1,gogd,1,0,0,1,38
90.524,2222,93,127,NW,N,W,90.0,['NW'],[90.0],1,gogd,2,0,0,2,39
91.446,2245,104,213,NW,W,S,90.0,['NW'],[90.0],1,gogd,3,0,0,3,40
92.805,2279,296,318,SE,N,W,90.0,['SE'],[90.0],1,gogd,4,0,0,1,41
93.847,2305,319,423,SE,W,S,90.0,['SE'],[90.0],1,gogd,5,0,0,2,42
95.085,2336,404,413,SE,S,E,90.0,['SE'],[90.0],1,gogd,6,0,0,3,43
95.967,2358,411,337,SE,E,N,90.0,['SE'],[90.0],0,gogdnr,0,0,1,3,43
96.847,2380,304,333,SE,N,W,90.0,['SE'],[90.0],1,gogd,1,0,0,4,44
97.287,2391,197,328,SW,E,N,90.0,['SW'],[90.0],1,gogd,2,0,0,1,45
98.287,2416,97,345,SW,N,W,90.0,['SW'],[90.0],1,gogd,3,0,0,2,46
99.208,2439,110,412,SW,W,S,90.0,['SW'],[90.0],1,gogd,4,0,0,3,47
101.009,2484,198,423,SW,S,E,90.0,['SW'],[90.0],0,gogdnr,0,0,1,3,47
102.771,2528,318,425,SE,W,S,90.0,['SE'],[90.0],1,gogd,1,0,0,1,48
106.533,2622,96,336,SW,W,N,270.0,['SW'],[270.0],1,gogd,2,0,0,1,49
108.654,2675,98,200,NW,S,W,270.0,['NW'],[270.0],1,gogd,3,0,0,1,50
109.573,2698,99,116,NW,W,N,270.0,['NW'],[270.0],1,gogd,4,0,0,2,51
110.454,2720,191,113,NW,N,E,270.0,['NW'],[270.0],1,gogd,5,0,0,3,52
111.575,2748,181,220,NW,E,S,270.0,['NW'],[270.0],0,gogdnr,0,0,1,3,52
112.456,2770,88,196,NW,S,W,270.0,['NW'],[270.0],1,gogd,1,0,0,4,53
112.817,2779,83,98,NW,W,N,270.0,['NW'],[270.0],0,gogdnr,0,0,1,4,53
114.497,2821,101,212,NW,W,S,90.0,['NW'],[270.0],False,gobd,0,0,1,4,53
115.296,2841,203,223,NW,S,E,90.0,['NW'],[270.0],False,gobd,0,0,1,4,53
116.377,2868,183,113,NW,E,N,90.0,['NW'],[270.0],False,gobd,0,0,1,4,53
117.179,2888,98,119,NW,N,W,90.0,['NW'],[270.0],False,gobd,0,0,1,4,53
118.098,2911,100,208,NW,W,S,90.0,['NW'],[270.0],False,gobd,0,0,1,4,53
119.02,2934,219,320,SW,N,E,270.0,['SW'],[270.0],1,gogd,1,0,0,1,54
119.819,2954,193,424,SW,E,S,270.0,['SW'],[270.0],1,gogd,2,0,0,2,55
120.741,2977,103,398,SW,S,W,270.0,['SW'],[270.0],1,gogd,3,0,0,3,56
121.54,2997,101,341,SW,W,N,270.0,['SW'],[270.0],0,gogdnr,0,0,1,3,56
122.381,3018,206,327,SW,N,E,270.0,['SW'],[270.0],1,gogd,1,0,0,4,57
123.019,3034,316,331,SE,W,N,270.0,['SE'],[270.0],1,gogd,2,0,0,1,58
123.982,3058,419,345,SE,N,E,270.0,['SE'],[270.0],1,gogd,3,0,0,2,59
125.463,3095,400,415,SE,E,S,270.0,['SE'],[270.0],1,gogd,4,0,0,3,60
126.703,3126,312,420,SE,S,W,270.0,['SE'],[270.0],0,gogdnr,0,0,1,3,60
127.743,3152,307,323,SE,W,N,270.0,['SE'],[270.0],1,gogd,1,0,0,4,61
128.622,3174,414,337,SE,N,E,270.0,['SE'],[270.0],0,gogdnr,0,0,1,4,61
129.505,3196,402,415,SE,E,S,270.0,['SE'],[270.0],1,gogd,1,0,0,5,62
130.706,3226,310,422,SE,S,W,270.0,['SE'],[270.0],0,gogdnr,0,0,1,5,62
132.748,3277,97,202,NW,S,W,270.0,['NW'],[270.0],1,gogd,1,0,0,1,63
133.787,3303,97,117,NW,W,N,270.0,['NW'],[270.0],1,gogd,2,0,0,2,64
134.708,3326,190,113,NW,N,E,270.0,['NW'],[270.0],1,gogd,3,0,0,3,65
135.908,3356,184,217,NW,E,S,270.0,['NW'],[270.0],0,gogdnr,0,0,1,3,65
137.15,3387,299,232,NE,W,S,90.0,['NE'],[90.0],1,gogd,1,0,0,1,66
138.069,3410,409,207,NE,S,E,90.0,['NE'],[90.0],1,gogd,2,0,0,2,67
139.03,3434,403,109,NE,E,N,90.0,['NE'],[90.0],1,gogd,3,0,0,3,68
140.07,3460,324,114,NE,N,W,90.0,['NE'],[90.0],0,gogdnr,0,0,1,3,68
141.231,3489,185,225,NW,E,S,270.0,['NW'],[270.0],1,gogd,1,0,0,1,69
142.151,3512,98,203,NW,S,W,270.0,['NW'],[270.0],1,gogd,2,0,0,2,70
143.072,3535,100,117,NW,W,N,270.0,['NW'],[270.0],1,gogd,3,0,0,3,71
143.911,3556,193,112,NW,N,E,270.0,['NW'],[270.0],0,gogdnr,0,0,1,3,71
145.194,3588,294,246,NE,W,S,90.0,['NE'],[90.0],1,gogd,1,0,0,1,72
145.793,3603,413,211,NE,S,E,90.0,,[90.0],False,bogd,1,0,0,0,72
146.633,3624,407,108,NE,E,N,90.0,,[90.0],False,bogd,1,0,0,0,72
147.355,3642,316,113,NE,N,W,90.0,,[90.0],False,bogd,1,0,0,0,72
149.193,3688,98,346,SW,N,W,90.0,['SW'],[90.0],1,gogd,2,0,0,1,73
150.037,3709,111,413,SW,W,S,90.0,['SW'],[90.0],1,gogd,3,0,0,2,74
151.236,3739,196,423,SW,S,E,90.0,['SW'],[90.0],1,gogd,4,0,0,3,75
152.596,3773,192,333,SW,E,N,90.0,['SW'],[90.0],0,gogdnr,0,0,1,3,75
153.678,3800,295,307,SE,W,N,270.0,['SE'],[270.0],1,gogd,1,0,0,1,76
154.476,3820,412,343,SE,N,E,270.0,['SE'],[270.0],1,gogd,2,0,0,2,77
155.438,3844,399,418,SE,E,S,270.0,['SE'],[270.0],1,gogd,3,0,0,3,78
156.439,3869,315,422,SE,S,W,270.0,['SE'],[270.0],0,gogdnr,0,0,1,3,78
157.52,3896,311,323,SE,W,N,270.0,['SE'],[270.0],1,gogd,1,0,0,4,79
158.4,3918,412,338,SE,N,E,270.0,['SE'],[270.0],0,gogdnr,0,0,1,4,79
159.121,3936,399,420,SE,E,S,270.0,['SE'],[270.0],1,gogd,1,0,0,5,80
159.96,3957,314,422,SE,S,W,270.0,['SE'],[270.0],0,gogdnr,0,0,1,5,80
160.682,3975,193,422,SW,E,S,270.0,['SW'],[270.0],1,gogd,1,0,0,1,81
161.762,4002,106,401,SW,S,W,270.0,['SW'],[270.0],1,gogd,2,0,0,2,82
162.643,4024,98,336,SW,W,N,270.0,['SW'],[270.0],1,gogd,3,0,0,3,83
163.603,4048,220,328,SW,N,E,270.0,['SW'],[270.0],0,gogdnr,0,0,1,3,83
164.082,4060,320,331,SE,W,N,270.0,['SE'],[270.0],1,gogd,1,0,0,1,84
165.084,4085,415,339,SE,N,E,270.0,['SE'],[270.0],1,gogd,2,0,0,2,85
166.084,4110,402,416,SE,E,S,270.0,['SE'],[270.0],1,gogd,3,0,0,3,86
167.326,4141,316,424,SE,S,W,270.0,['SE'],[270.0],0,gogdnr,0,0,1,3,86
168.606,4173,199,323,SW,E,N,90.0,['SW'],[90.0],1,gogd,1,0,0,1,87
169.565,4197,93,345,SW,N,W,90.0,['SW'],[90.0],1,gogd,2,0,0,2,88
170.486,4220,111,410,SW,W,S,90.0,['SW'],[90.0],1,gogd,3,0,0,3,89
172.128,4261,196,424,SW,S,E,90.0,['SW'],[90.0],0,gogdnr,0,0,1,3,89
173.406,4293,194,334,SW,E,N,90.0,['SW'],[90.0],1,gogd,1,0,0,4,90
174.365,4317,97,346,SW,N,W,90.0,['SW'],[90.0],0,gogdnr,0,0,1,4,90
175.086,4335,111,411,SW,W,S,90.0,['SW'],[90.0],1,gogd,1,0,0,5,91
176.087,4360,216,443,SW,S,E,90.0,['SW'],[90.0],0,gogdnr,0,0,1,5,91
184.774,4577,108,402,SW,S,W,270.0,['SW'],[90.0],False,gobd,0,0,1,5,91
185.615,4598,107,335,SW,W,N,270.0,['SW'],[90.0],False,gobd,0,0,1,5,91
186.455,4619,204,331,SW,N,E,270.0,['SW'],[90.0],False,gobd,0,0,1,5,91
186.776,4627,319,327,SE,W,N,270.0,['SE'],[270.0],1,gogd,1,0,0,1,92
187.736,4651,412,342,SE,N,E,270.0,['SE'],[270.0],1,gogd,2,0,0,2,93
188.697,4675,399,415,SE,E,S,270.0,['SE'],[270.0],1,gogd,3,0,0,3,94
189.898,4705,315,421,SE,S,W,270.0,['SE'],[270.0],0,gogdnr,0,0,1,3,94
190.859,4729,299,314,SE,W,N,270.0,['SE'],[270.0],1,gogd,1,0,0,4,95
192.179,4762,408,207,NE,S,E,90.0,['NE'],[90.0],1,gogd,2,0,0,1,96
193.579,4797,404,111,NE,E,N,90.0,['NE'],[90.0],1,gogd,3,0,0,2,97
194.58,4822,317,117,NE,N,W,90.0,['NE'],[90.0],1,gogd,4,0,0,3,98
195.821,4853,316,218,NE,W,S,90.0,['NE'],[90.0],0,gogdnr,0,0,1,3,98
196.78,4877,412,203,NE,S,E,90.0,['NE'],[90.0],1,gogd,1,0,0,4,99
197.379,4892,409,110,NE,E,N,90.0,['NE'],[90.0],0,gogdnr,0,0,1,4,99
197.981,4907,314,109,NE,N,W,90.0,['NE'],[90.0],1,gogd,1,0,0,5,100
198.741,4926,186,110,NW,E,N,90.0,['NW'],[90.0],1,gogd,2,0,0,1,101
199.7,4950,94,126,NW,N,W,90.0,['NW'],[90.0],1,gogd,3,0,0,2,102
200.743,4976,102,209,NW,W,S,90.0,['NW'],[90.0],1,gogd,4,0,0,3,103
201.783,5002,197,213,NW,S,E,90.0,['NW'],[90.0],0,gogdnr,0,0,1,3,103
202.904,5030,185,109,NW,E,N,90.0,['NW'],[90.0],1,gogd,1,0,0,4,104
203.744,5051,94,122,NW,N,W,90.0,['NW'],[90.0],0,gogdnr,0,0,1,4,104
204.463,5069,98,214,NW,W,S,90.0,['NW'],[90.0],1,gogd,1,0,0,5,105
204.945,5081,96,340,SW,N,W,90.0,['SW'],[90.0],1,gogd,2,0,0,1,106
205.665,5099,110,410,SW,W,S,90.0,['SW'],[90.0],1,gogd,3,0,0,2,107
206.466,5119,199,426,SW,S,E,90.0,['SW'],[90.0],1,gogd,4,0,0,3,108
208.026,5158,317,331,SE,W,N,270.0,['SE'],[270.0],1,gogd,5,0,0,1,109
208.986,5182,414,352,SE,N,E,270.0,['SE'],[270.0],1,gogd,6,0,0,2,110
209.907,5205,401,414,SE,E,S,270.0,['SE'],[270.0],1,gogd,7,0,0,3,111
210.906,5230,314,424,SE,S,W,270.0,['SE'],[270.0],0,gogdnr,0,0,1,3,111
212.949,5281,178,110,NW,E,N,90.0,['NW'],[90.0],1,gogd,1,0,0,1,112
213.79,5302,97,120,NW,N,W,90.0,['NW'],[90.0],1,gogd,2,0,0,2,113
214.75,5326,104,212,NW,W,S,90.0,['NW'],[90.0],1,gogd,3,0,0,3,114
215.868,5354,195,216,NW,S,E,90.0,['NW'],[90.0],0,gogdnr,0,0,1,3,114
216.709,5375,192,100,NW,E,N,90.0,['NW'],[90.0],1,gogd,1,0,0,4,115
217.672,5399,99,121,NW,N,W,90.0,['NW'],[90.0],0,gogdnr,0,0,1,4,115
220.03,5458,109,413,SW,W,S,90.0,['SW'],[90.0],1,gogd,1,0,0,1,116
220.873,5479,201,428,SW,S,E,90.0,['SW'],[90.0],1,gogd,2,0,0,2,117
222.192,5512,196,331,SW,E,N,90.0,['SW'],[90.0],1,gogd,3,0,0,3,118
223.193,5537,95,344,SW,N,W,90.0,['SW'],[90.0],0,gogdnr,0,0,1,3,118
223.874,5554,119,423,SW,W,S,90.0,['SW'],[90.0],1,gogd,1,0,0,4,119
224.756,5576,205,423,SW,S,E,90.0,['SW'],[90.0],0,gogdnr,0,0,1,4,119
226.636,5623,201,328,SW,E,N,90.0,['SW'],[90.0],1,gogd,1,0,0,5,120
228.596,5672,193,218,NW,S,E,90.0,['NW'],[90.0],1,gogd,2,0,0,1,121
229.799,5702,191,106,NW,E,N,90.0,['NW'],[90.0],1,gogd,3,0,0,2,122
229.879,5704,190,109,NW,N,E,270.0,['NW'],[90.0],False,gobd,3,0,0,2,122
229.958,5706,181,111,NW,E,N,90.0,['NW'],[90.0],1,gogd,4,0,0,3,123
231.2,5737,96,121,NW,N,W,90.0,['NW'],[90.0],0,gogdnr,0,0,1,3,123
232.24,5763,100,208,NW,W,S,90.0,['NW'],[90.0],1,gogd,1,0,0,4,124
233.24,5788,222,241,NW,S,E,90.0,['NW'],[90.0],0,gogdnr,0,0,1,4,124
234.278,5814,410,340,SE,N,E,270.0,['SE'],[270.0],1,gogd,1,0,0,1,125
235.198,5837,401,414,SE,E,S,270.0,['SE'],[270.0],1,gogd,2,0,0,2,126
236.202,5862,315,422,SE,S,W,270.0,['SE'],[270.0],1,gogd,3,0,0,3,127
237.123,5885,312,331,SE,W,N,270.0,['SE'],[270.0],0,gogdnr,0,0,1,3,127
238.405,5917,416,346,SE,N,E,270.0,['SE'],[270.0],1,gogd,1,0,0,4,128
239.365,5941,399,416,SE,E,S,270.0,['SE'],[270.0],0,gogdnr,0,0,1,4,128
240.163,5961,304,425,SE,S,W,270.0,['SE'],[270.0],1,gogd,1,0,0,5,129
240.522,5970,192,427,SW,E,S,270.0,['SW'],[270.0],1,gogd,2,0,0,1,130
241.524,5995,105,406,SW,S,W,270.0,['SW'],[270.0],1,gogd,3,0,0,2,131
242.405,6017,101,330,SW,W,N,270.0,['SW'],[270.0],1,gogd,4,0,0,3,132
242.884,6029,101,204,NW,S,W,270.0,['NW'],[270.0],1,gogd,5,0,0,1,133
243.886,6054,101,114,NW,W,N,270.0,['NW'],[270.0],1,gogd,6,0,0,2,134
244.724,6075,189,110,NW,N,E,270.0,['NW'],[270.0],1,gogd,7,0,0,3,135
245.247,6088,324,111,NE,W,N,270.0,['NE'],[270.0],1,gogd,8,0,0,1,136
246.286,6114,407,113,NE,N,E,270.0,['NE'],[270.0],1,gogd,9,0,0,2,137
247.648,6148,405,209,NE,E,S,270.0,['NE'],[270.0],1,gogd,10,0,0,3,138
248.769,6176,315,211,NE,S,W,270.0,['NE'],[270.0],0,gogdnr,0,0,1,3,138
249.887,6204,328,112,NE,W,N,270.0,['NE'],[270.0],1,gogd,1,0,0,4,139
250.93,6230,409,113,NE,N,E,270.0,['NE'],[270.0],0,gogdnr,0,0,1,4,139
251.931,6255,410,221,NE,E,S,270.0,['NE'],[270.0],1,gogd,1,0,0,5,140
252.45,6268,412,342,SE,N,E,270.0,['SE'],[270.0],1,gogd,2,0,0,1,141
253.409,6292,398,415,SE,E,S,270.0,['SE'],[270.0],1,gogd,3,0,0,2,142
254.412,6317,311,419,SE,S,W,270.0,['SE'],[270.0],1,gogd,4,0,0,3,143
255.332,6340,314,320,SE,W,N,270.0,['SE'],[270.0],0,gogdnr,0,0,1,3,143
256.61,6372,411,204,NE,S,E,90.0,['NE'],[90.0],1,gogd,1,0,0,1,144
257.814,6402,404,110,NE,E,N,90.0,['NE'],[90.0],1,gogd,2,0,0,2,145
258.854,6428,323,113,NE,N,W,90.0,['NE'],[90.0],1,gogd,3,0,0,3,146
260.135,6460,194,225,NW,E,S,270.0,['NW'],[270.0],1,gogd,4,0,0,1,147
261.414,6492,99,197,NW,S,W,270.0,['NW'],[270.0],1,gogd,5,0,0,2,148
262.536,6520,102,115,NW,W,N,270.0,['NW'],[270.0],1,gogd,6,0,0,3,149
263.534,6545,190,112,NW,N,E,270.0,['NW'],[270.0],0,gogdnr,0,0,1,3,149
264.778,6576,187,218,NW,E,S,270.0,['NW'],[270.0],1,gogd,1,0,0,4,150
265.938,6605,100,205,NW,S,W,270.0,['NW'],[270.0],0,gogdnr,0,0,1,4,150
267.338,6640,99,116,NW,W,N,270.0,['NW'],[270.0],1,gogd,1,0,0,5,151
268.22,6662,194,112,NW,N,E,270.0,['NW'],[270.0],0,gogdnr,0,0,1,5,151
270.26,6713,329,110,NE,W,N,270.0,['NE'],[270.0],1,gogd,1,0,0,1,152
271.18,6736,408,115,NE,N,E,270.0,['NE'],[270.0],1,gogd,2,0,0,2,153
272.022,6757,414,226,NE,E,S,270.0,['NE'],[270.0],1,gogd,3,0,0,3,154
272.421,6767,421,336,SE,N,E,270.0,['SE'],[270.0],1,gogd,4,0,0,1,155
273.342,6790,402,414,SE,E,S,270.0,['SE'],[270.0],1,gogd,5,0,0,2,156
274.262,6813,303,424,SE,S,W,270.0,['SE'],[270.0],1,gogd,6,0,0,3,157
274.623,6822,195,430,SW,E,S,270.0,['SW'],[270.0],1,gogd,7,0,0,1,158
275.743,6850,109,406,SW,S,W,270.0,['SW'],[270.0],1,gogd,8,0,0,2,159
276.624,6872,111,330,SW,W,N,270.0,['SW'],[270.0],1,gogd,9,0,0,3,160
277.704,6899,199,339,SW,N,E,270.0,['SW'],[270.0],0,gogdnr,0,0,1,3,160
278.665,6923,195,428,SW,E,S,270.0,['SW'],[270.0],1,gogd,1,0,0,4,161
279.622,6947,106,412,SW,S,W,270.0,['SW'],[270.0],0,gogdnr,0,0,1,4,161
280.426,6967,103,326,SW,W,N,270.0,['SW'],[270.0],1,gogd,1,0,0,5,162
280.827,6977,100,205,NW,S,W,270.0,['NW'],[270.0],1,gogd,2,0,0,1,163
281.704,6999,99,116,NW,W,N,270.0,['NW'],[270.0],1,gogd,3,0,0,2,164
282.504,7019,189,110,NW,N,E,270.0,['NW'],[270.0],1,gogd,4,0,0,3,165
282.906,7029,323,109,NE,W,N,270.0,['NE'],[270.0],1,gogd,5,0,0,1,166
283.907,7054,410,115,NE,N,E,270.0,['NE'],[270.0],1,gogd,6,0,0,2,167
284.907,7079,413,223,NE,E,S,270.0,['NE'],[270.0],1,gogd,7,0,0,3,168
285.268,7088,416,338,SE,N,E,270.0,['SE'],[270.0],1,gogd,8,0,0,1,169
286.909,7129,399,414,SE,E,S,270.0,['SE'],[270.0],1,gogd,9,0,0,2,170
287.989,7156,317,422,SE,S,W,270.0,['SE'],[270.0],1,gogd,10,0,0,3,171
289.23,7187,320,333,SE,W,N,270.0,['SE'],[270.0],0,gogdnr,0,0,1,3,171
290.229,7212,420,346,SE,N,E,270.0,['SE'],[270.0],1,gogd,1,0,0,4,172
291.111,7234,398,418,SE,E,S,270.0,['SE'],[270.0],0,gogdnr,0,0,1,4,172
293.992,7306,108,407,SW,S,W,270.0,['SW'],[270.0],1,gogd,1,0,0,1,173
294.351,7315,99,336,SW,W,N,270.0,['SW'],[270.0],1,gogd,2,0,0,2,174
294.753,7325,89,201,NW,S,W,270.0,['NW'],[270.0],1,gogd,3,0,0,1,175
295.034,7332,90,101,NW,W,N,270.0,['NW'],[270.0],1,gogd,4,0,0,2,176
295.474,7343,198,103,NW,N,E,270.0,['NW'],[270.0],1,gogd,5,0,0,3,177
296.233,7362,327,111,NE,W,N,270.0,['NE'],[270.0],1,gogd,6,0,0,1,178
298.236,7412,412,108,NE,N,E,270.0,['NE'],[270.0],1,gogd,7,0,0,2,179
299.996,7456,415,216,NE,E,S,270.0,['NE'],[270.0],1,gogd,8,0,0,3,180
302.478,7518,308,216,NE,S,W,270.0,,[270.0],False,bogd,8,0,0,0,180
304.519,7569,317,217,NE,W,S,90.0,,[270.0],False,bobd,8,0,0,0,180
305.758,7600,408,207,NE,S,E,90.0,,[270.0],False,bobd,8,0,0,0,180
311.363,7740,416,218,NE,E,S,270.0,,[270.0],False,bogd,8,0,0,0,180
311.844,7752,418,334,SE,N,E,270.0,['SE'],[270.0],1,gogd,9,0,0,1,181
313.364,7790,399,414,SE,E,S,270.0,['SE'],[270.0],1,gogd,10,0,0,2,182
314.525,7819,314,421,SE,S,W,270.0,['SE'],[270.0],1,gogd,11,0,0,3,183
315.446,7842,314,332,SE,W,N,270.0,['SE'],[270.0],0,gogdnr,0,0,1,3,183
316.406,7866,419,345,SE,N,E,270.0,['SE'],[270.0],1,gogd,1,0,0,4,184
317.365,7890,397,416,SE,E,S,270.0,['SE'],[270.0],0,gogdnr,0,0,1,4,184
318.206,7911,303,423,SE,S,W,270.0,['SE'],[270.0],1,gogd,1,0,0,5,185
318.567,7920,190,423,SW,E,S,270.0,['SW'],[270.0],1,gogd,2,0,0,1,186
319.567,7945,109,408,SW,S,W,270.0,['SW'],[270.0],1,gogd,3,0,0,2,187
320.487,7968,99,339,SW,W,N,270.0,['SW'],[270.0],1,gogd,4,0,0,3,188
322.125,8009,200,340,SW,N,E,270.0,['SW'],[270.0],0,gogdnr,0,0,1,3,188
324.05,8057,189,422,SW,E,S,270.0,['SW'],[270.0],1,gogd,1,0,0,4,189
325.089,8083,108,403,SW,S,W,270.0,['SW'],[270.0],0,gogdnr,0,0,1,4,189
325.811,8101,97,332,SW,W,N,270.0,['SW'],[270.0],1,gogd,1,0,0,5,190
326.251,8112,99,200,NW,S,W,270.0,['NW'],[270.0],1,gogd,2,0,0,1,191
327.29,8138,103,115,NW,W,N,270.0,['NW'],[270.0],1,gogd,3,0,0,2,192
328.212,8161,190,115,NW,N,E,270.0,['NW'],[270.0],1,gogd,4,0,0,3,193
329.693,8198,189,218,NW,E,S,270.0,['NW'],[270.0],0,gogdnr,0,0,1,3,193
330.493,8218,98,205,NW,S,W,270.0,['NW'],[270.0],1,gogd,1,0,0,4,194
331.412,8241,103,114,NW,W,N,270.0,['NW'],[270.0],0,gogdnr,0,0,1,4,194
332.213,8261,192,114,NW,N,E,270.0,['NW'],[270.0],1,gogd,1,0,0,5,195
333.375,8290,311,222,NE,W,S,90.0,['NE'],[90.0],1,gogd,2,0,0,1,196
334.294,8313,411,206,NE,S,E,90.0,['NE'],[90.0],1,gogd,3,0,0,2,197
335.375,8340,402,110,NE,E,N,90.0,['NE'],[90.0],1,gogd,4,0,0,3,198
336.413,8366,318,116,NE,N,W,90.0,['NE'],[90.0],0,gogdnr,0,0,1,3,198
337.256,8387,316,220,NE,W,S,90.0,['NE'],[90.0],1,gogd,1,0,0,4,199
338.096,8408,410,209,NE,S,E,90.0,['NE'],[90.0],0,gogdnr,0,0,1,4,199
338.818,8426,409,108,NE,E,N,90.0,['NE'],[90.0],1,gogd,1,0,0,5,200
339.777,8450,318,114,NE,N,W,90.0,['NE'],[90.0],0,gogdnr,0,0,1,5,200
341.779,8500,182,112,NW,E,N,90.0,['NW'],[90.0],1,gogd,1,0,0,1,201
342.779,8525,99,120,NW,N,W,90.0,['NW'],[90.0],1,gogd,2,0,0,2,202
344.261,8562,88,108,NW,W,N,270.0,['NW'],[90.0],False,gobd,2,0,0,2,202
346.301,8613,193,114,NW,N,E,270.0,['NW'],[90.0],False,gobd,2,0,0,2,202
348.3,8663,414,349,SE,N,E,270.0,['SE'],[270.0],1,gogd,3,0,0,1,203
349.142,8684,401,412,SE,E,S,270.0,['SE'],[270.0],1,gogd,4,0,0,2,204
350.304,8713,313,421,SE,S,W,270.0,['SE'],[270.0],1,gogd,5,0,0,3,205
351.383,8740,317,333,SE,W,N,270.0,['SE'],[270.0],0,gogdnr,0,0,1,3,205
352.304,8763,445,309,SE,N,E,270.0,['SE'],[270.0],1,gogd,1,0,0,4,206
353.786,8800,438,79,NE,E,N,90.0,['NE'],[90.0],1,gogd,2,0,0,1,207
366.912,9128,190,113,NW,N,E,270.0,['NW'],[270.0],1,gogd,3,0,0,1,208
368.633,9171,411,341,SE,N,E,270.0,['SE'],[270.0],1,gogd,4,0,0,1,209
369.714,9198,397,416,SE,E,S,270.0,['SE'],[270.0],1,gogd,5,0,0,2,210
370.714,9223,308,422,SE,S,W,270.0,['SE'],[270.0],1,gogd,6,0,0,3,211
371.675,9247,316,334,SE,W,N,270.0,['SE'],[270.0],0,gogdnr,0,0,1,3,211
372.755,9274,418,336,SE,N,E,270.0,['SE'],[270.0],1,gogd,1,0,0,4,212
373.837,9301,400,413,SE,E,S,270.0,['SE'],[270.0],0,gogdnr,0,0,1,4,212
374.635,9321,315,424,SE,S,W,270.0,['SE'],[270.0],1,gogd,1,0,0,5,213
375.515,9343,191,422,SW,E,S,270.0,['SW'],[270.0],1,gogd,2,0,0,1,214
376.597,9370,106,399,SW,S,W,270.0,['SW'],[270.0],1,gogd,3,0,0,2,215
377.478,9392,104,335,SW,W,N,270.0,['SW'],[270.0],1,gogd,4,0,0,3,216
378.64,9421,203,342,SW,N,E,270.0,['SW'],[270.0],0,gogdnr,0,0,1,3,216
379.6,9445,300,442,SE,W,S,90.0,['SE'],[90.0],1,gogd,1,0,0,1,217
380.797,9475,408,410,SE,S,E,90.0,['SE'],[90.0],1,gogd,2,0,0,2,218
381.599,9495,402,327,SE,E,N,90.0,['SE'],[90.0],1,gogd,3,0,0,3,219
382.72,9523,307,215,NE,S,W,270.0,['NE'],[270.0],1,gogd,4,0,0,1,220
383.681,9547,329,110,NE,W,N,270.0,['NE'],[270.0],1,gogd,5,0,0,2,221
384.802,9575,410,115,NE,N,E,270.0,['NE'],[270.0],1,gogd,6,0,0,3,222
385.801,9600,410,219,NE,E,S,270.0,['NE'],[270.0],0,gogdnr,0,0,1,3,222
386.883,9627,314,214,NE,S,W,270.0,['NE'],[270.0],1,gogd,1,0,0,4,223
387.842,9651,327,110,NE,W,N,270.0,['NE'],[270.0],0,gogdnr,0,0,1,4,223
388.642,9671,410,112,NE,N,E,270.0,['NE'],[270.0],1,gogd,1,0,0,5,224
389.444,9691,408,223,NE,E,S,270.0,['NE'],[270.0],0,gogdnr,0,0,1,5,224
389.844,9701,417,343,SE,N,E,270.0,['SE'],[270.0],1,gogd,1,0,0,1,225
390.804,9725,397,418,SE,E,S,270.0,['SE'],[270.0],1,gogd,2,0,0,2,226
391.766,9749,309,421,SE,S,W,270.0,['SE'],[270.0],1,gogd,3,0,0,3,227
392.323,9763,194,423,SW,E,S,270.0,['SW'],[270.0],1,gogd,4,0,0,1,228
393.366,9789,108,404,SW,S,W,270.0,['SW'],[270.0],1,gogd,5,0,0,2,229
394.244,9811,98,336,SW,W,N,270.0,['SW'],[270.0],1,gogd,6,0,0,3,230
394.808,9825,100,201,NW,S,W,270.0,['NW'],[270.0],1,gogd,7,0,0,1,231
395.727,9848,100,117,NW,W,N,270.0,['NW'],[270.0],1,gogd,8,0,0,2,232
396.688,9872,187,111,NW,N,E,270.0,['NW'],[270.0],1,gogd,9,0,0,3,233
398.088,9907,190,219,NW,E,S,270.0,['NW'],[270.0],0,gogdnr,0,0,1,3,233
399.127,9933,95,207,NW,S,W,270.0,['NW'],[270.0],1,gogd,1,0,0,4,234
400.05,9956,103,115,NW,W,N,270.0,['NW'],[270.0],0,gogdnr,0,0,1,4,234
400.811,9975,188,111,NW,N,E,270.0,['NW'],[270.0],1,gogd,1,0,0,5,235
401.29,9987,317,105,NE,W,N,270.0,['NE'],[270.0],1,gogd,2,0,0,1,236
402.411,10015,410,114,NE,N,E,270.0,['NE'],[270.0],1,gogd,3,0,0,2,237
403.332,10038,410,214,NE,E,S,270.0,['NE'],[270.0],1,gogd,4,0,0,3,238
403.772,10049,419,344,SE,N,E,270.0,['SE'],[270.0],1,gogd,5,0,0,1,239
405.132,10083,400,416,SE,E,S,270.0,['SE'],[270.0],1,gogd,6,0,0,2,240
406.17,10109,301,429,SE,S,W,270.0,['SE'],[270.0],1,gogd,7,0,0,3,241
406.453,10116,212,448,SW,E,S,270.0,['SW'],[270.0],1,gogd,8,0,0,1,242
407.532,10143,106,402,SW,S,W,270.0,['SW'],[270.0],1,gogd,9,0,0,2,243
408.455,10166,96,326,SW,W,N,270.0,['SW'],[270.0],1,gogd,10,0,0,3,244
409.015,10180,95,204,NW,S,W,270.0,['NW'],[270.0],1,gogd,11,0,0,1,245
409.895,10202,98,115,NW,W,N,270.0,['NW'],[270.0],1,gogd,12,0,0,2,246
410.775,10224,203,111,NW,N,E,270.0,['NW'],[270.0],1,gogd,13,0,0,3,247
411.136,10233,325,109,NE,W,N,270.0,['NE'],[270.0],1,gogd,14,0,0,1,248
412.096,10257,414,115,NE,N,E,270.0,['NE'],[270.0],1,gogd,15,0,0,2,249
413.136,10283,408,217,NE,E,S,270.0,['NE'],[270.0],1,gogd,16,0,0,3,250
413.616,10295,419,342,SE,N,E,270.0,['SE'],[270.0],1,gogd,17,0,0,1,251
414.736,10323,398,416,SE,E,S,270.0,['SE'],[270.0],1,gogd,18,0,0,2,252
415.698,10347,304,423,SE,S,W,270.0,['SE'],[270.0],1,gogd,19,0,0,3,253
416.058,10356,190,425,SW,E,S,270.0,['SW'],[270.0],1,gogd,20,0,0,1,254
417.541,10393,106,403,SW,S,W,270.0,['SW'],[270.0],1,gogd,21,0,0,2,255
418.339,10413,103,336,SW,W,N,270.0,['SW'],[270.0],1,gogd,22,0,0,3,256
419.58,10444,201,337,SW,N,E,270.0,['SW'],[270.0],0,gogdnr,0,0,1,3,256
420.458,10466,193,429,SW,E,S,270.0,['SW'],[270.0],1,gogd,1,0,0,4,257
421.02,10480,97,422,SW,S,W,270.0,['SW'],[270.0],0,gogdnr,0,0,1,4,257
432.909,10777,314,420,SE,S,W,270.0,['SE'],[270.0],1,gogd,1,0,0,1,258
434.388,10814,319,333,SE,W,N,270.0,['SE'],[270.0],1,gogd,2,0,0,2,259
435.829,10850,410,341,SE,N,E,270.0,['SE'],[270.0],1,gogd,3,0,0,3,260
436.788,10874,399,416,SE,E,S,270.0,['SE'],[270.0],0,gogdnr,0,0,1,3,260
437.55,10893,306,420,SE,S,W,270.0,['SE'],[270.0],1,gogd,1,0,0,4,261
438.43,10915,187,423,SW,E,S,270.0,['SW'],[270.0],1,gogd,2,0,0,1,262
439.747,10948,108,406,SW,S,W,270.0,['SW'],[270.0],1,gogd,3,0,0,2,263
440.593,10969,103,335,SW,W,N,270.0,['SW'],[270.0],1,gogd,4,0,0,3,264
443.31,11037,409,208,NE,S,E,90.0,['NE'],[90.0],1,gogd,5,0,0,1,265
445.034,11080,408,111,NE,E,N,90.0,['NE'],[90.0],1,gogd,6,0,0,2,266
445.914,11102,314,116,NE,N,W,90.0,['NE'],[90.0],1,gogd,7,0,0,3,267
448.157,11158,98,347,SW,N,W,90.0,['SW'],[90.0],1,gogd,8,0,0,1,268
449.036,11180,113,414,SW,W,S,90.0,['SW'],[90.0],1,gogd,9,0,0,2,269
452.398,11264,406,410,SE,S,E,90.0,['SE'],[90.0],1,gogd,10,0,0,1,270
453.356,11288,395,328,SE,E,N,90.0,['SE'],[90.0],1,gogd,11,0,0,2,271
454.159,11308,293,324,SE,N,W,90.0,['SE'],[90.0],1,gogd,12,0,0,3,272
454.399,11314,202,318,SW,E,N,90.0,['SW'],[90.0],1,gogd,13,0,0,1,273
455.119,11332,99,200,NW,S,W,270.0,['NW'],[270.0],1,gogd,14,0,0,1,274
456.077,11356,99,117,NW,W,N,270.0,['NW'],[270.0],1,gogd,15,0,0,2,275
456.84,11375,193,112,NW,N,E,270.0,['NW'],[270.0],1,gogd,16,0,0,3,276
457.441,11390,325,112,NE,W,N,270.0,['NE'],[270.0],1,gogd,17,0,0,1,277
458.437,11415,411,115,NE,N,E,270.0,['NE'],[270.0],1,gogd,18,0,0,2,278
459.28,11436,409,218,NE,E,S,270.0,['NE'],[270.0],1,gogd,19,0,0,3,279
460.241,11460,312,215,NE,S,W,270.0,['NE'],[270.0],0,gogdnr,0,0,1,3,279
461.202,11484,323,109,NE,W,N,270.0,['NE'],[270.0],1,gogd,1,0,0,4,280
462.163,11508,413,117,NE,N,E,270.0,['NE'],[270.0],0,gogdnr,0,0,1,4,280
463.204,11534,427,238,NE,E,S,270.0,['NE'],[270.0],1,gogd,1,0,0,5,281
463.524,11542,421,335,SE,N,E,270.0,['SE'],[270.0],1,gogd,2,0,0,1,282
464.404,11564,400,415,SE,E,S,270.0,['SE'],[270.0],1,gogd,3,0,0,2,283
465.365,11588,313,422,SE,S,W,270.0,['SE'],[270.0],1,gogd,4,0,0,3,284
466.527,11617,317,336,SE,W,N,270.0,['SE'],[270.0],0,gogdnr,0,0,1,3,284
467.846,11650,416,340,SE,N,E,270.0,['SE'],[270.0],1,gogd,1,0,0,4,285
468.645,11670,400,418,SE,E,S,270.0,['SE'],[270.0],0,gogdnr,0,0,1,4,285
469.408,11689,303,427,SE,S,W,270.0,['SE'],[270.0],1,gogd,1,0,0,5,286
469.767,11698,190,425,SW,E,S,270.0,['SW'],[270.0],1,gogd,2,0,0,1,287
470.849,11725,108,405,SW,S,W,270.0,['SW'],[270.0],1,gogd,3,0,0,2,288
472.448,11765,92,332,SW,W,N,270.0,['SW'],[270.0],1,gogd,4,0,0,3,289
474.009,11804,210,333,SW,N,E,270.0,['SW'],[270.0],0,gogdnr,0,0,1,3,289
474.97,11828,198,427,SW,E,S,270.0,['SW'],[270.0],1,gogd,1,0,0,4,290
475.93,11852,106,406,SW,S,W,270.0,['SW'],[270.0],0,gogdnr,0,0,1,4,290
476.651,11870,98,327,SW,W,N,270.0,['SW'],[270.0],1,gogd,1,0,0,5,291
477.051,11880,96,198,NW,S,W,270.0,['NW'],[270.0],1,gogd,2,0,0,1,292
477.931,11902,97,114,NW,W,N,270.0,['NW'],[270.0],1,gogd,3,0,0,2,293
478.652,11920,196,107,NW,N,E,270.0,['NW'],[270.0],1,gogd,4,0,0,3,294
478.972,11928,303,91,NE,W,N,270.0,['NE'],[270.0],1,gogd,5,0,0,1,295
479.812,11949,412,115,NE,N,E,270.0,['NE'],[270.0],1,gogd,6,0,0,2,296
480.613,11969,410,223,NE,E,S,270.0,['NE'],[270.0],1,gogd,7,0,0,3,297
491.258,12235,213,432,SW,S,E,90.0,['SW'],[90.0],1,gogd,8,0,0,1,298
508.827,12674,408,412,SE,S,E,90.0,['SE'],[90.0],1,gogd,9,0,0,1,299
509.709,12696,404,324,SE,E,N,90.0,['SE'],[90.0],1,gogd,10,0,0,2,300
510.869,12725,314,334,SE,N,W,90.0,['SE'],[90.0],1,gogd,11,0,0,3,301
512.151,12757,323,423,SE,W,S,90.0,['SE'],[90.0],0,gogdnr,0,0,1,3,301
513.31,12786,408,410,SE,S,E,90.0,['SE'],[90.0],1,gogd,1,0,0,4,302
514.191,12808,410,326,SE,E,N,90.0,['SE'],[90.0],0,gogdnr,0,0,1,4,302
514.791,12823,413,211,NE,S,E,90.0,['NE'],[90.0],1,gogd,1,0,0,1,303
516.752,12872,404,110,NE,E,N,90.0,['NE'],[90.0],1,gogd,2,0,0,2,304
517.593,12893,307,114,NE,N,W,90.0,['NE'],[90.0],1,gogd,3,0,0,3,305
519.753,12947,183,111,NW,E,N,90.0,['NW'],[90.0],1,gogd,4,0,0,1,306
520.673,12970,91,124,NW,N,W,90.0,['NW'],[90.0],1,gogd,5,0,0,2,307
521.634,12994,102,212,NW,W,S,90.0,['NW'],[90.0],1,gogd,6,0,0,3,308
522.795,13023,210,236,NW,S,E,90.0,['NW'],[90.0],0,gogdnr,0,0,1,3,308
524.754,13072,409,206,NE,S,E,90.0,['NE'],[90.0],1,gogd,1,0,0,1,309
525.677,13095,408,104,NE,E,N,90.0,['NE'],[90.0],1,gogd,2,0,0,2,310
526.597,13118,320,113,NE,N,W,90.0,['NE'],[90.0],1,gogd,3,0,0,3,311
527.838,13149,315,217,NE,W,S,90.0,['NE'],[90.0],0,gogdnr,0,0,1,3,311
528.998,13178,284,313,SE,N,W,90.0,['SE'],[90.0],1,gogd,1,0,0,1,312
530.119,13206,322,424,SE,W,S,90.0,['SE'],[90.0],1,gogd,2,0,0,2,313
532.88,13275,98,334,SW,W,N,270.0,['SW'],[270.0],1,gogd,3,0,0,1,314
533.441,13289,98,199,NW,S,W,270.0,['NW'],[270.0],1,gogd,4,0,0,1,315
534.282,13310,102,115,NW,W,N,270.0,['NW'],[270.0],1,gogd,5,0,0,2,316
535.082,13330,191,110,NW,N,E,270.0,['NW'],[270.0],1,gogd,6,0,0,3,317
535.563,13342,327,107,NE,W,N,270.0,['NE'],[270.0],1,gogd,7,0,0,1,318
536.483,13365,408,113,NE,N,E,270.0,['NE'],[270.0],1,gogd,8,0,0,2,319
539.605,13443,403,213,NE,E,S,270.0,['NE'],[270.0],1,gogd,9,0,0,3,320
540.562,13467,314,216,NE,S,W,270.0,['NE'],[270.0],0,gogdnr,0,0,1,3,320
541.927,13501,319,221,NE,W,S,90.0,['NE'],[270.0],False,gobd,0,0,1,3,320
542.606,13518,414,207,NE,S,E,90.0,['NE'],[270.0],False,gobd,0,0,1,3,320
543.487,13540,408,110,NE,E,N,90.0,['NE'],[270.0],False,gobd,0,0,1,3,320
544.447,13564,315,107,NE,N,W,90.0,['NE'],[270.0],False,gobd,0,0,1,3,320
546.69,13620,218,76,NW,E,N,90.0,['NW'],[90.0],1,gogd,1,0,0,1,321
548.128,13656,195,111,NW,N,E,270.0,['NW'],[90.0],False,gobd,1,0,0,1,321
549.45,13689,187,110,NW,E,N,90.0,['NW'],[90.0],1,gogd,2,0,0,2,322
550.01,13703,98,120,NW,N,W,90.0,['NW'],[90.0],1,gogd,3,0,0,3,323
551.532,13741,101,208,NW,W,S,90.0,['NW'],[90.0],0,gogdnr,0,0,1,3,323
552.852,13774,201,335,SW,N,E,270.0,['SW'],[270.0],1,gogd,1,0,0,1,324
554.011,13803,191,423,SW,E,S,270.0,['SW'],[270.0],1,gogd,2,0,0,2,325
555.332,13836,107,403,SW,S,W,270.0,['SW'],[270.0],1,gogd,3,0,0,3,326
556.134,13856,105,325,SW,W,N,270.0,['SW'],[270.0],0,gogdnr,0,0,1,3,326
556.494,13865,95,206,NW,S,W,270.0,['NW'],[270.0],1,gogd,1,0,0,1,327
557.372,13887,94,112,NW,W,N,270.0,['NW'],[270.0],1,gogd,2,0,0,2,328
558.415,13913,202,111,NW,N,E,270.0,['NW'],[270.0],1,gogd,3,0,0,3,329
558.895,13925,326,110,NE,W,N,270.0,['NE'],[270.0],1,gogd,4,0,0,1,330
559.934,13951,410,113,NE,N,E,270.0,['NE'],[270.0],1,gogd,5,0,0,2,331
560.814,13973,408,215,NE,E,S,270.0,['NE'],[270.0],1,gogd,6,0,0,3,332
561.334,13986,415,348,SE,N,E,270.0,['SE'],[270.0],1,gogd,7,0,0,1,333
562.218,14008,402,414,SE,E,S,270.0,['SE'],[270.0],1,gogd,8,0,0,2,334
563.057,14029,310,422,SE,S,W,270.0,['SE'],[270.0],1,gogd,9,0,0,3,335
563.697,14045,188,423,SW,E,S,270.0,['SW'],[270.0],1,gogd,10,0,0,1,336
564.698,14070,106,411,SW,S,W,270.0,['SW'],[270.0],1,gogd,11,0,0,2,337
565.459,14089,105,324,SW,W,N,270.0,['SW'],[270.0],1,gogd,12,0,0,3,338
565.859,14099,98,206,NW,S,W,270.0,['NW'],[270.0],1,gogd,13,0,0,1,339
567.017,14128,92,106,NW,W,N,270.0,['NW'],[270.0],1,gogd,14,0,0,2,340
569.499,14190,85,439,SW,W,S,90.0,['SW'],[90.0],1,gogd,15,0,0,1,341
582.107,14505,109,407,SW,S,W,270.0,['SW'],[90.0],False,gobd,15,0,0,1,341
582.786,14522,98,338,SW,W,N,270.0,['SW'],[90.0],False,gobd,15,0,0,1,341
583.348,14536,93,212,NW,S,W,270.0,['NW'],[270.0],1,gogd,16,0,0,1,342
583.826,14548,66,247,NW,W,S,90.0,['NW'],[270.0],False,gobd,16,0,0,1,342
584.029,14553,68,320,SW,N,W,90.0,['SW'],[90.0],1,gogd,17,0,0,1,343
584.426,14563,94,428,SW,W,S,90.0,['SW'],[90.0],1,gogd,18,0,0,2,344
615.485,15339,416,105,NE,N,E,270.0,['NE'],[270.0],1,gogd,19,0,0,1,345
616.484,15364,411,211,NE,E,S,270.0,['NE'],[270.0],1,gogd,20,0,0,2,346
617.767,15396,412,208,NE,S,E,90.0,['NE'],[270.0],False,gobd,20,0,0,2,346
618.286,15409,418,100,NE,E,N,90.0,['NE'],[270.0],False,gobd,20,0,0,2,346
619.527,15440,441,84,NE,N,E,270.0,['NE'],[270.0],1,gogd,21,0,0,3,347
620.167,15456,406,217,NE,E,S,270.0,['NE'],[270.0],0,gogdnr,0,0,1,3,347
620.928,15475,414,352,SE,N,E,270.0,['SE'],[270.0],1,gogd,1,0,0,1,348
621.608,15492,401,415,SE,E,S,270.0,['SE'],[270.0],1,gogd,2,0,0,2,349
622.406,15512,316,422,SE,S,W,270.0,['SE'],[270.0],1,gogd,3,0,0,3,350
624.648,15568,209,320,SW,E,N,90.0,['SW'],[90.0],1,gogd,4,0,0,1,351
629.572,15691,196,215,NW,S,E,90.0,['NW'],[90.0],1,gogd,5,0,0,1,352
631.173,15731,183,112,NW,E,N,90.0,['NW'],[90.0],1,gogd,6,0,0,2,353
632.254,15758,92,125,NW,N,W,90.0,['NW'],[90.0],1,gogd,7,0,0,3,354
633.254,15783,101,217,NW,W,S,90.0,['NW'],[90.0],0,gogdnr,0,0,1,3,354
635.694,15844,324,425,SE,W,S,90.0,['SE'],[90.0],1,gogd,1,0,0,1,355
639.178,15931,102,336,SW,W,N,270.0,['SW'],[270.0],1,gogd,2,0,0,1,356
640.779,15971,201,340,SW,N,E,270.0,['SW'],[270.0],1,gogd,3,0,0,2,357
642.22,16007,191,424,SW,E,S,270.0,['SW'],[270.0],1,gogd,4,0,0,3,358
643.98,16051,103,409,SW,S,W,270.0,['SW'],[270.0],0,gogdnr,0,0,1,3,358
644.579,16066,96,328,SW,W,N,270.0,['SW'],[270.0],1,gogd,1,0,0,4,359
644.98,16076,65,238,NW,S,W,270.0,['NW'],[270.0],1,gogd,2,0,0,1,360
654.346,16310,191,113,NW,N,E,270.0,,[270.0],False,bogd,2,0,0,0,360
655.946,16350,187,219,NW,E,S,270.0,,[270.0],False,bogd,2,0,0,0,360
656.425,16362,91,211,NW,S,W,270.0,,[270.0],False,bogd,2,0,0,0,360
657.468,16388,96,115,NW,W,N,270.0,,[270.0],False,bogd,2,0,0,0,360
658.149,16405,196,108,NW,N,E,270.0,,[270.0],False,bogd,2,0,0,0,360
658.668,16418,324,108,NE,W,N,270.0,['NE'],[270.0],1,gogd,3,0,0,1,361
661.908,16499,432,88,NE,N,E,270.0,['NE'],[270.0],1,gogd,4,0,0,2,362
663.231,16532,406,213,NE,E,S,270.0,['NE'],[270.0],1,gogd,5,0,0,3,363
664.31,16559,307,221,NE,S,W,270.0,['NE'],[270.0],0,gogdnr,0,0,1,3,363
666.47,16613,97,345,SW,N,W,90.0,['SW'],[90.0],1,gogd,1,0,0,1,364
667.233,16632,120,422,SW,W,S,90.0,['SW'],[90.0],1,gogd,2,0,0,2,365
668.033,16652,209,427,SW,S,E,90.0,['SW'],[90.0],1,gogd,3,0,0,3,366
669.554,16690,314,331,SE,W,N,270.0,['SE'],[270.0],1,gogd,4,0,0,1,367
670.675,16718,417,340,SE,N,E,270.0,['SE'],[270.0],1,gogd,5,0,0,2,368
671.795,16746,408,420,SE,E,S,270.0,['SE'],[270.0],1,gogd,6,0,0,3,369
680.2,16956,66,442,SW,S,W,270.0,['SW'],[270.0],1,gogd,7,0,0,1,370
680.64,16967,90,317,SW,W,N,270.0,['SW'],[270.0],1,gogd,8,0,0,2,371
681.001,16976,86,215,NW,S,W,270.0,['NW'],[270.0],1,gogd,9,0,0,1,372
681.48,16988,105,114,NW,W,N,270.0,['NW'],[270.0],1,gogd,10,0,0,2,373
682.159,17005,188,113,NW,N,E,270.0,['NW'],[270.0],1,gogd,11,0,0,3,374
682.8,17021,327,111,NE,W,N,270.0,['NE'],[270.0],1,gogd,12,0,0,1,375
683.761,17045,414,111,NE,N,E,270.0,['NE'],[270.0],1,gogd,13,0,0,2,376
685.321,17084,409,215,NE,E,S,270.0,['NE'],[270.0],1,gogd,14,0,0,3,377
686.643,17117,306,327,SE,N,W,90.0,['SE'],[90.0],1,gogd,15,0,0,1,378
687.561,17140,318,425,SE,W,S,90.0,['SE'],[90.0],1,gogd,16,0,0,2,379
689.082,17178,405,409,SE,S,E,90.0,['SE'],[90.0],1,gogd,17,0,0,3,380
689.883,17198,413,330,SE,E,N,90.0,['SE'],[90.0],0,gogdnr,0,0,1,3,380
690.525,17214,411,207,NE,S,E,90.0,['NE'],[90.0],1,gogd,1,0,0,1,381
692.006,17251,405,109,NE,E,N,90.0,['NE'],[90.0],1,gogd,2,0,0,2,382
692.768,17270,314,106,NE,N,W,90.0,['NE'],[90.0],1,gogd,3,0,0,3,383
693.447,17287,189,107,NW,E,N,90.0,['NW'],[90.0],1,gogd,4,0,0,1,384
694.248,17307,87,127,NW,N,W,90.0,['NW'],[90.0],1,gogd,5,0,0,2,385
695.328,17334,103,214,NW,W,S,90.0,['NW'],[90.0],1,gogd,6,0,0,3,386
697.688,17393,419,345,SE,N,E,270.0,['SE'],[270.0],1,gogd,7,0,0,1,387
698.048,17402,407,421,SE,E,S,270.0,['SE'],[270.0],1,gogd,8,0,0,2,388
698.569,17415,311,422,SE,S,W,270.0,['SE'],[270.0],1,gogd,9,0,0,3,389
699.25,17432,198,328,SW,E,N,90.0,['SW'],[90.0],1,gogd,10,0,0,1,390
700.171,17455,96,347,SW,N,W,90.0,['SW'],[90.0],1,gogd,11,0,0,2,391
700.931,17474,114,415,SW,W,S,90.0,['SW'],[90.0],1,gogd,12,0,0,3,392
701.731,17494,210,432,SW,S,E,90.0,['SW'],[90.0],0,gogdnr,0,0,1,3,392
704.973,17575,407,415,SE,S,E,90.0,['SE'],[90.0],1,gogd,1,0,0,1,393
706.854,17622,414,332,SE,E,N,90.0,['SE'],[90.0],1,gogd,2,0,0,2,394
